"Gene","FullSampleName","Call"
"sst1_solid_stem","Geno_196","non_sst1_solid_stem"
"sst1_solid_stem","Geno_106","non_sst1_solid_stem"
"sst1_solid_stem","Geno_53","non_sst1_solid_stem"
"sst1_solid_stem","Geno_75","non_sst1_solid_stem"
"sst1_solid_stem","Geno_186","non_sst1_solid_stem"
"sst1_solid_stem","Geno_312","sst1_solid_stem"
"sst1_solid_stem","Geno_317","sst1_solid_stem"
"sst1_solid_stem","Geno_29","non_sst1_solid_stem"
"sst1_solid_stem","Geno_292","non_sst1_solid_stem"
"sst1_solid_stem","Geno_616","non_sst1_solid_stem"
"sst1_solid_stem","Geno_671","non_sst1_solid_stem"
"sst1_solid_stem","Geno_615","non_sst1_solid_stem"
"sst1_solid_stem","Geno_291","non_sst1_solid_stem"
"sst1_solid_stem","Geno_296","non_sst1_solid_stem"
"sst1_solid_stem","Geno_1005","non_sst1_solid_stem"
"sst1_solid_stem","Geno_1002","non_sst1_solid_stem"
"sst1_solid_stem","Geno_41","non_sst1_solid_stem"
"sst1_solid_stem","Geno_314","non_sst1_solid_stem"
"sst1_solid_stem","Geno_297","non_sst1_solid_stem"
"sst1_solid_stem","Geno_995","non_sst1_solid_stem"
"sst1_solid_stem","Geno_1013","het_sst1_solid_stem"
"sst1_solid_stem","Geno_46","non_sst1_solid_stem"
"sst1_solid_stem","Geno_45","non_sst1_solid_stem"
"sst1_solid_stem","Geno_90","non_sst1_solid_stem"
"sst1_solid_stem","Geno_92","non_sst1_solid_stem"
"sst1_solid_stem","Geno_91","non_sst1_solid_stem"
"sst1_solid_stem","Geno_997","non_sst1_solid_stem"
"sst1_solid_stem","Geno_1031","non_sst1_solid_stem"
"sst1_solid_stem","Geno_74","non_sst1_solid_stem"
"sst1_solid_stem","Geno_959","non_sst1_solid_stem"
"sst1_solid_stem","Geno_727","non_sst1_solid_stem"
"sst1_solid_stem","Geno_159","non_sst1_solid_stem"
"sst1_solid_stem","Geno_861","non_sst1_solid_stem"
"sst1_solid_stem","Geno_921","non_sst1_solid_stem"
"sst1_solid_stem","Geno_308","non_sst1_solid_stem"
"sst1_solid_stem","Geno_310","non_sst1_solid_stem"
"sst1_solid_stem","Geno_328","non_sst1_solid_stem"
"sst1_solid_stem","Geno_994","non_sst1_solid_stem"
"sst1_solid_stem","Geno_1030","non_sst1_solid_stem"
"sst1_solid_stem","Geno_779","non_sst1_solid_stem"
"sst1_solid_stem","Geno_293","non_sst1_solid_stem"
"sst1_solid_stem","Geno_295","non_sst1_solid_stem"
"sst1_solid_stem","Geno_1009","non_sst1_solid_stem"
"sst1_solid_stem","Geno_996","non_sst1_solid_stem"
"sst1_solid_stem","Geno_1010","non_sst1_solid_stem"
"sst1_solid_stem","Geno_1014","non_sst1_solid_stem"
"sst1_solid_stem","Geno_1015","non_sst1_solid_stem"
"sst1_solid_stem","Geno_1017","non_sst1_solid_stem"
"sst1_solid_stem","Geno_1016","non_sst1_solid_stem"
"sst1_solid_stem","Geno_1019","non_sst1_solid_stem"
"sst1_solid_stem","Geno_1018","non_sst1_solid_stem"
"sst1_solid_stem","Geno_1000","non_sst1_solid_stem"
"sst1_solid_stem","Geno_999","non_sst1_solid_stem"
"sst1_solid_stem","Geno_1022","non_sst1_solid_stem"
"sst1_solid_stem","Geno_734","non_sst1_solid_stem"
"sst1_solid_stem","Geno_800","non_sst1_solid_stem"
"sst1_solid_stem","Geno_741","non_sst1_solid_stem"
"sst1_solid_stem","Geno_824","non_sst1_solid_stem"
"sst1_solid_stem","Geno_733","non_sst1_solid_stem"
"sst1_solid_stem","Geno_880","non_sst1_solid_stem"
"sst1_solid_stem","Geno_809","non_sst1_solid_stem"
"sst1_solid_stem","Geno_901","non_sst1_solid_stem"
"sst1_solid_stem","Geno_798","non_sst1_solid_stem"
"sst1_solid_stem","Geno_967","non_sst1_solid_stem"
"sst1_solid_stem","Geno_776","sst1_solid_stem"
"sst1_solid_stem","Geno_709","non_sst1_solid_stem"
"sst1_solid_stem","Geno_883","sst1_solid_stem"
"sst1_solid_stem","Geno_894","sst1_solid_stem"
"sst1_solid_stem","Geno_911","sst1_solid_stem"
"sst1_solid_stem","Geno_982","non_sst1_solid_stem"
"sst1_solid_stem","Geno_822","non_sst1_solid_stem"
"sst1_solid_stem","Geno_986","non_sst1_solid_stem"
"sst1_solid_stem","Geno_992","sst1_solid_stem"
"sst1_solid_stem","Geno_799","sst1_solid_stem"
"sst1_solid_stem","Geno_993","sst1_solid_stem"
"sst1_solid_stem","Geno_988","sst1_solid_stem"
"sst1_solid_stem","Geno_945","non_sst1_solid_stem"
"sst1_solid_stem","Geno_803","sst1_solid_stem"
"sst1_solid_stem","Geno_819","sst1_solid_stem"
"sst1_solid_stem","Geno_781","non_sst1_solid_stem"
"sst1_solid_stem","Geno_928","non_sst1_solid_stem"
"sst1_solid_stem","Geno_757","non_sst1_solid_stem"
"sst1_solid_stem","Geno_975","non_sst1_solid_stem"
"sst1_solid_stem","Geno_692","non_sst1_solid_stem"
"sst1_solid_stem","Geno_472","non_sst1_solid_stem"
"sst1_solid_stem","Geno_843","non_sst1_solid_stem"
"sst1_solid_stem","Geno_823","non_sst1_solid_stem"
"sst1_solid_stem","Geno_838","non_sst1_solid_stem"
"sst1_solid_stem","Geno_808","non_sst1_solid_stem"
"sst1_solid_stem","Geno_969","non_sst1_solid_stem"
"sst1_solid_stem","Geno_766","non_sst1_solid_stem"
"sst1_solid_stem","Geno_900","non_sst1_solid_stem"
"sst1_solid_stem","Geno_294","non_sst1_solid_stem"
"sst1_solid_stem","Geno_307","non_sst1_solid_stem"
"sst1_solid_stem","Geno_306","non_sst1_solid_stem"
"sst1_solid_stem","Geno_301","non_sst1_solid_stem"
"sst1_solid_stem","Geno_300","non_sst1_solid_stem"
"sst1_solid_stem","Geno_160","non_sst1_solid_stem"
"sst1_solid_stem","Geno_304","non_sst1_solid_stem"
"sst1_solid_stem","Geno_146","non_sst1_solid_stem"
"sst1_solid_stem","Geno_127","non_sst1_solid_stem"
"sst1_solid_stem","Geno_281","non_sst1_solid_stem"
"sst1_solid_stem","Geno_178","non_sst1_solid_stem"
"sst1_solid_stem","Geno_782","sst1_solid_stem"
"sst1_solid_stem","Geno_984","het_sst1_solid_stem"
"sst1_solid_stem","Geno_906","non_sst1_solid_stem"
"sst1_solid_stem","Geno_759","sst1_solid_stem"
"sst1_solid_stem","Geno_887","non_sst1_solid_stem"
"sst1_solid_stem","Geno_730","non_sst1_solid_stem"
"sst1_solid_stem","Geno_896","non_sst1_solid_stem"
"sst1_solid_stem","Geno_952","non_sst1_solid_stem"
"sst1_solid_stem","Geno_987","non_sst1_solid_stem"
"sst1_solid_stem","Geno_736","non_sst1_solid_stem"
"sst1_solid_stem","Geno_811","non_sst1_solid_stem"
"sst1_solid_stem","Geno_826","non_sst1_solid_stem"
"sst1_solid_stem","Geno_805","non_sst1_solid_stem"
"sst1_solid_stem","Geno_773","non_sst1_solid_stem"
"sst1_solid_stem","Geno_966","non_sst1_solid_stem"
"sst1_solid_stem","Geno_786","non_sst1_solid_stem"
"sst1_solid_stem","Geno_865","non_sst1_solid_stem"
"sst1_solid_stem","Geno_846","non_sst1_solid_stem"
"sst1_solid_stem","Geno_867","non_sst1_solid_stem"
"sst1_solid_stem","Geno_842","non_sst1_solid_stem"
"sst1_solid_stem","Geno_705","non_sst1_solid_stem"
"sst1_solid_stem","Geno_728","non_sst1_solid_stem"
"sst1_solid_stem","Geno_933","non_sst1_solid_stem"
"sst1_solid_stem","Geno_926","non_sst1_solid_stem"
"sst1_solid_stem","Geno_718","non_sst1_solid_stem"
"sst1_solid_stem","Geno_922","het_sst1_solid_stem"
"sst1_solid_stem","Geno_918","non_sst1_solid_stem"
"sst1_solid_stem","Geno_905","non_sst1_solid_stem"
"sst1_solid_stem","Geno_903","non_sst1_solid_stem"
"sst1_solid_stem","Geno_936","non_sst1_solid_stem"
"sst1_solid_stem","Geno_789","non_sst1_solid_stem"
"sst1_solid_stem","Geno_792","non_sst1_solid_stem"
"sst1_solid_stem","Geno_712","non_sst1_solid_stem"
"sst1_solid_stem","Geno_721","sst1_solid_stem"
"sst1_solid_stem","Geno_723","sst1_solid_stem"
"sst1_solid_stem","Geno_719","non_sst1_solid_stem"
"sst1_solid_stem","Geno_892","non_sst1_solid_stem"
"sst1_solid_stem","Geno_772","non_sst1_solid_stem"
"sst1_solid_stem","Geno_858","non_sst1_solid_stem"
"sst1_solid_stem","Geno_726","non_sst1_solid_stem"
"sst1_solid_stem","Geno_927","non_sst1_solid_stem"
"sst1_solid_stem","Geno_704","non_sst1_solid_stem"
"sst1_solid_stem","Geno_857","non_sst1_solid_stem"
"sst1_solid_stem","Geno_925","non_sst1_solid_stem"
"sst1_solid_stem","Geno_794","non_sst1_solid_stem"
"sst1_solid_stem","Geno_855","non_sst1_solid_stem"
"sst1_solid_stem","Geno_767","non_sst1_solid_stem"
"sst1_solid_stem","Geno_725","sst1_solid_stem"
"sst1_solid_stem","Geno_895","non_sst1_solid_stem"
"sst1_solid_stem","Geno_877","non_sst1_solid_stem"
"sst1_solid_stem","Geno_917","non_sst1_solid_stem"
"sst1_solid_stem","Geno_915","non_sst1_solid_stem"
"sst1_solid_stem","Geno_778","non_sst1_solid_stem"
"sst1_solid_stem","Geno_973","non_sst1_solid_stem"
"sst1_solid_stem","Geno_971","non_sst1_solid_stem"
"sst1_solid_stem","Geno_958","non_sst1_solid_stem"
"sst1_solid_stem","Geno_912","non_sst1_solid_stem"
"sst1_solid_stem","Geno_920","non_sst1_solid_stem"
"sst1_solid_stem","Geno_818","non_sst1_solid_stem"
"sst1_solid_stem","Geno_763","non_sst1_solid_stem"
"sst1_solid_stem","Geno_947","non_sst1_solid_stem"
"sst1_solid_stem","Geno_833","non_sst1_solid_stem"
"sst1_solid_stem","Geno_825","non_sst1_solid_stem"
"sst1_solid_stem","Geno_965","non_sst1_solid_stem"
"sst1_solid_stem","Geno_844","non_sst1_solid_stem"
"sst1_solid_stem","Geno_847","non_sst1_solid_stem"
"sst1_solid_stem","Geno_848","non_sst1_solid_stem"
"sst1_solid_stem","Geno_850","non_sst1_solid_stem"
"sst1_solid_stem","Geno_802","non_sst1_solid_stem"
"sst1_solid_stem","Geno_806","non_sst1_solid_stem"
"sst1_solid_stem","Geno_807","non_sst1_solid_stem"
"sst1_solid_stem","Geno_948","non_sst1_solid_stem"
"sst1_solid_stem","Geno_950","non_sst1_solid_stem"
"sst1_solid_stem","Geno_797","non_sst1_solid_stem"
"sst1_solid_stem","Geno_743","non_sst1_solid_stem"
"sst1_solid_stem","Geno_739","non_sst1_solid_stem"
"sst1_solid_stem","Geno_980","non_sst1_solid_stem"
"sst1_solid_stem","Geno_990","non_sst1_solid_stem"
"sst1_solid_stem","Geno_837","non_sst1_solid_stem"
"sst1_solid_stem","Geno_839","non_sst1_solid_stem"
"sst1_solid_stem","Geno_706","non_sst1_solid_stem"
"sst1_solid_stem","Geno_972","non_sst1_solid_stem"
"sst1_solid_stem","Geno_970","non_sst1_solid_stem"
"sst1_solid_stem","Geno_862","non_sst1_solid_stem"
"sst1_solid_stem","Geno_985","het_sst1_solid_stem"
"sst1_solid_stem","Geno_761","non_sst1_solid_stem"
"sst1_solid_stem","Geno_827","non_sst1_solid_stem"
"sst1_solid_stem","Geno_810","non_sst1_solid_stem"
"sst1_solid_stem","Geno_884","non_sst1_solid_stem"
"sst1_solid_stem","Geno_829","non_sst1_solid_stem"
"sst1_solid_stem","Geno_815","sst1_solid_stem"
"sst1_solid_stem","Geno_817","non_sst1_solid_stem"
"sst1_solid_stem","Geno_801","non_sst1_solid_stem"
"sst1_solid_stem","Geno_899","non_sst1_solid_stem"
"sst1_solid_stem","Geno_756","non_sst1_solid_stem"
"sst1_solid_stem","Geno_760","non_sst1_solid_stem"
"sst1_solid_stem","Geno_831","non_sst1_solid_stem"
"sst1_solid_stem","Geno_874","non_sst1_solid_stem"
"sst1_solid_stem","Geno_939","non_sst1_solid_stem"
"sst1_solid_stem","Geno_742","non_sst1_solid_stem"
"sst1_solid_stem","Geno_738","non_sst1_solid_stem"
"sst1_solid_stem","Geno_731","non_sst1_solid_stem"
"sst1_solid_stem","Geno_729","non_sst1_solid_stem"
"sst1_solid_stem","Geno_979","non_sst1_solid_stem"
"sst1_solid_stem","Geno_983","non_sst1_solid_stem"
"sst1_solid_stem","Geno_891","non_sst1_solid_stem"
"sst1_solid_stem","Geno_737","non_sst1_solid_stem"
"sst1_solid_stem","Geno_814","non_sst1_solid_stem"
"sst1_solid_stem","Geno_897","non_sst1_solid_stem"
"sst1_solid_stem","Geno_711","non_sst1_solid_stem"
"sst1_solid_stem","Geno_876","non_sst1_solid_stem"
"sst1_solid_stem","Geno_871","non_sst1_solid_stem"
"sst1_solid_stem","Geno_955","non_sst1_solid_stem"
"sst1_solid_stem","Geno_954","non_sst1_solid_stem"
"sst1_solid_stem","Geno_879","non_sst1_solid_stem"
"sst1_solid_stem","Geno_949","non_sst1_solid_stem"
"sst1_solid_stem","Geno_946","non_sst1_solid_stem"
"sst1_solid_stem","Geno_941","non_sst1_solid_stem"
"sst1_solid_stem","Geno_942","non_sst1_solid_stem"
"sst1_solid_stem","Geno_938","sst1_solid_stem"
"sst1_solid_stem","Geno_989","non_sst1_solid_stem"
"sst1_solid_stem","Geno_930","non_sst1_solid_stem"
"sst1_solid_stem","Geno_932","non_sst1_solid_stem"
"sst1_solid_stem","Geno_931","non_sst1_solid_stem"
"sst1_solid_stem","Geno_974","non_sst1_solid_stem"
"sst1_solid_stem","Geno_977","non_sst1_solid_stem"
"sst1_solid_stem","Geno_978","non_sst1_solid_stem"
"sst1_solid_stem","Geno_893","het_sst1_solid_stem"
"sst1_solid_stem","Geno_890","non_sst1_solid_stem"
"sst1_solid_stem","Geno_953","non_sst1_solid_stem"
"sst1_solid_stem","Geno_854","non_sst1_solid_stem"
"sst1_solid_stem","Geno_851","non_sst1_solid_stem"
"sst1_solid_stem","Geno_852","non_sst1_solid_stem"
"sst1_solid_stem","Geno_873","non_sst1_solid_stem"
"sst1_solid_stem","Geno_875","non_sst1_solid_stem"
"sst1_solid_stem","Geno_869","non_sst1_solid_stem"
"sst1_solid_stem","Geno_870","non_sst1_solid_stem"
"sst1_solid_stem","Geno_864","non_sst1_solid_stem"
"sst1_solid_stem","Geno_924","non_sst1_solid_stem"
"sst1_solid_stem","Geno_923","non_sst1_solid_stem"
"sst1_solid_stem","Geno_845","sst1_solid_stem"
"sst1_solid_stem","Geno_937","non_sst1_solid_stem"
"sst1_solid_stem","Geno_898","non_sst1_solid_stem"
"sst1_solid_stem","Geno_840","non_sst1_solid_stem"
"sst1_solid_stem","Geno_916","non_sst1_solid_stem"
"sst1_solid_stem","Geno_710","non_sst1_solid_stem"
"sst1_solid_stem","Geno_868","non_sst1_solid_stem"
"sst1_solid_stem","Geno_695","non_sst1_solid_stem"
"sst1_solid_stem","Geno_735","non_sst1_solid_stem"
"sst1_solid_stem","Geno_944","non_sst1_solid_stem"
"sst1_solid_stem","Geno_981","non_sst1_solid_stem"
"sst1_solid_stem","Geno_991","non_sst1_solid_stem"
"sst1_solid_stem","Geno_849","non_sst1_solid_stem"
"sst1_solid_stem","Geno_882","non_sst1_solid_stem"
"sst1_solid_stem","Geno_820","sst1_solid_stem"
"sst1_solid_stem","Geno_859","non_sst1_solid_stem"
"sst1_solid_stem","Geno_755","non_sst1_solid_stem"
"sst1_solid_stem","Geno_769","non_sst1_solid_stem"
"sst1_solid_stem","Geno_940","non_sst1_solid_stem"
"sst1_solid_stem","Geno_758","non_sst1_solid_stem"
"sst1_solid_stem","Geno_832","non_sst1_solid_stem"
"sst1_solid_stem","Geno_929","sst1_solid_stem"
"sst1_solid_stem","Geno_914","non_sst1_solid_stem"
"sst1_solid_stem","Geno_935","non_sst1_solid_stem"
"sst1_solid_stem","Geno_783","sst1_solid_stem"
"sst1_solid_stem","Geno_968","non_sst1_solid_stem"
"sst1_solid_stem","Geno_765","non_sst1_solid_stem"
"sst1_solid_stem","Geno_771","non_sst1_solid_stem"
"sst1_solid_stem","Geno_889","non_sst1_solid_stem"
"sst1_solid_stem","Geno_888","non_sst1_solid_stem"
"sst1_solid_stem","Geno_886","non_sst1_solid_stem"
"sst1_solid_stem","Geno_885","non_sst1_solid_stem"
"sst1_solid_stem","Geno_707","non_sst1_solid_stem"
"sst1_solid_stem","Geno_708","non_sst1_solid_stem"
"sst1_solid_stem","Geno_696","non_sst1_solid_stem"
"sst1_solid_stem","Geno_724","sst1_solid_stem"
"sst1_solid_stem","Geno_722","het_sst1_solid_stem"
"sst1_solid_stem","Geno_720","sst1_solid_stem"
"sst1_solid_stem","Geno_715","sst1_solid_stem"
"sst1_solid_stem","Geno_713","sst1_solid_stem"
"sst1_solid_stem","Geno_714","sst1_solid_stem"
"sst1_solid_stem","Geno_717","non_sst1_solid_stem"
"sst1_solid_stem","Geno_716","sst1_solid_stem"
"sst1_solid_stem","Geno_780","non_sst1_solid_stem"
"sst1_solid_stem","Geno_774","sst1_solid_stem"
"sst1_solid_stem","Geno_775","sst1_solid_stem"
"sst1_solid_stem","Geno_777","non_sst1_solid_stem"
"sst1_solid_stem","Geno_768","non_sst1_solid_stem"
"sst1_solid_stem","Geno_793","non_sst1_solid_stem"
"sst1_solid_stem","Geno_795","non_sst1_solid_stem"
"sst1_solid_stem","Geno_788","non_sst1_solid_stem"
"sst1_solid_stem","Geno_790","non_sst1_solid_stem"
"sst1_solid_stem","Geno_784","non_sst1_solid_stem"
"sst1_solid_stem","Geno_785","non_sst1_solid_stem"
"sst1_solid_stem","Geno_804","non_sst1_solid_stem"
"sst1_solid_stem","Geno_904","non_sst1_solid_stem"
"sst1_solid_stem","Geno_752","non_sst1_solid_stem"
"sst1_solid_stem","Geno_835","non_sst1_solid_stem"
"sst1_solid_stem","Geno_732","non_sst1_solid_stem"
"sst1_solid_stem","Geno_881","non_sst1_solid_stem"
"sst1_solid_stem","Geno_740","non_sst1_solid_stem"
"sst1_solid_stem","Geno_909","non_sst1_solid_stem"
"sst1_solid_stem","Geno_908","non_sst1_solid_stem"
"sst1_solid_stem","Geno_791","non_sst1_solid_stem"
"sst1_solid_stem","Geno_902","non_sst1_solid_stem"
"sst1_solid_stem","Geno_762","non_sst1_solid_stem"
"sst1_solid_stem","Geno_910","non_sst1_solid_stem"
"sst1_solid_stem","Geno_796","non_sst1_solid_stem"
"sst1_solid_stem","Geno_813","non_sst1_solid_stem"
"sst1_solid_stem","Geno_853","non_sst1_solid_stem"
"sst1_solid_stem","Geno_976","non_sst1_solid_stem"
"sst1_solid_stem","Geno_951","non_sst1_solid_stem"
"sst1_solid_stem","Geno_816","non_sst1_solid_stem"
"sst1_solid_stem","Geno_764","non_sst1_solid_stem"
"sst1_solid_stem","Geno_754","non_sst1_solid_stem"
"sst1_solid_stem","Geno_943","non_sst1_solid_stem"
"sst1_solid_stem","Geno_913","non_sst1_solid_stem"
"sst1_solid_stem","Geno_812","non_sst1_solid_stem"
"sst1_solid_stem","Geno_770","non_sst1_solid_stem"
"sst1_solid_stem","Geno_836","non_sst1_solid_stem"
"sst1_solid_stem","Geno_956","non_sst1_solid_stem"
"sst1_solid_stem","Geno_907","non_sst1_solid_stem"
"sst1_solid_stem","Geno_934","non_sst1_solid_stem"
"sst1_solid_stem","Geno_787","non_sst1_solid_stem"
"sst1_solid_stem","Geno_697","non_sst1_solid_stem"
"sst1_solid_stem","Geno_698","non_sst1_solid_stem"
"sst1_solid_stem","Geno_699","non_sst1_solid_stem"
"sst1_solid_stem","Geno_700","non_sst1_solid_stem"
"sst1_solid_stem","Geno_701","non_sst1_solid_stem"
"sst1_solid_stem","Geno_702","non_sst1_solid_stem"
"sst1_solid_stem","Geno_703","non_sst1_solid_stem"
"sst1_solid_stem","Geno_693","non_sst1_solid_stem"
"sst1_solid_stem","Geno_694","non_sst1_solid_stem"
"sst1_solid_stem","Geno_753","non_sst1_solid_stem"
"sst1_solid_stem","Geno_744","non_sst1_solid_stem"
"sst1_solid_stem","Geno_745","non_sst1_solid_stem"
"sst1_solid_stem","Geno_746","non_sst1_solid_stem"
"sst1_solid_stem","Geno_747","non_sst1_solid_stem"
"sst1_solid_stem","Geno_748","sst1_solid_stem"
"sst1_solid_stem","Geno_749","non_sst1_solid_stem"
"sst1_solid_stem","Geno_750","non_sst1_solid_stem"
"sst1_solid_stem","Geno_751","non_sst1_solid_stem"
"sst1_solid_stem","Geno_841","non_sst1_solid_stem"
"sst1_solid_stem","Geno_821","non_sst1_solid_stem"
"sst1_solid_stem","Geno_828","non_sst1_solid_stem"
"sst1_solid_stem","Geno_964","non_sst1_solid_stem"
"sst1_solid_stem","Geno_963","non_sst1_solid_stem"
"sst1_solid_stem","Geno_872","non_sst1_solid_stem"
"sst1_solid_stem","Geno_878","non_sst1_solid_stem"
"sst1_solid_stem","Geno_960","het_sst1_solid_stem"
"sst1_solid_stem","Geno_961","sst1_solid_stem"
"sst1_solid_stem","Geno_962","het_sst1_solid_stem"
"sst1_solid_stem","Geno_957","non_sst1_solid_stem"
"sst1_solid_stem","Geno_856","non_sst1_solid_stem"
"sst1_solid_stem","Geno_863","non_sst1_solid_stem"
"sst1_solid_stem","Geno_834","non_sst1_solid_stem"
"sst1_solid_stem","Geno_919","non_sst1_solid_stem"
"sst1_solid_stem","Geno_860","non_sst1_solid_stem"
"sst1_solid_stem","Geno_866","non_sst1_solid_stem"
"sst1_solid_stem","Geno_830","non_sst1_solid_stem"
"sst1_solid_stem","Geno_303","non_sst1_solid_stem"
"sst1_solid_stem","Geno_298","non_sst1_solid_stem"
"sst1_solid_stem","Geno_305","non_sst1_solid_stem"
"sst1_solid_stem","Geno_299","non_sst1_solid_stem"
"sst1_solid_stem","Geno_309","non_sst1_solid_stem"
"sst1_solid_stem","Geno_302","het_sst1_solid_stem"
"sst1_solid_stem","Geno_311","het_sst1_solid_stem"
"sst1_solid_stem","Geno_315","non_sst1_solid_stem"
"sst1_solid_stem","Geno_316","non_sst1_solid_stem"
"sst1_solid_stem","Geno_313","non_sst1_solid_stem"
"sst1_solid_stem","Geno_1023","het_sst1_solid_stem"
"sst1_solid_stem","Geno_1024","het_sst1_solid_stem"
"sst1_solid_stem","Geno_1025","non_sst1_solid_stem"
"sst1_solid_stem","Geno_1026","non_sst1_solid_stem"
"sst1_solid_stem","Geno_1027","non_sst1_solid_stem"
"sst1_solid_stem","Geno_1028","non_sst1_solid_stem"
"sst1_solid_stem","Geno_1029","non_sst1_solid_stem"
"sst1_solid_stem","Geno_1020","non_sst1_solid_stem"
"sst1_solid_stem","Geno_1021","het_sst1_solid_stem"
"sst1_solid_stem","Geno_1011","het_sst1_solid_stem"
"sst1_solid_stem","Geno_1012","non_sst1_solid_stem"
"sst1_solid_stem","Geno_998","non_sst1_solid_stem"
"sst1_solid_stem","Geno_1001","non_sst1_solid_stem"
"sst1_solid_stem","Geno_1003","het_sst1_solid_stem"
"sst1_solid_stem","Geno_1004","het_sst1_solid_stem"
"sst1_solid_stem","Geno_1006","non_sst1_solid_stem"
"sst1_solid_stem","Geno_1007","sst1_solid_stem"
"sst1_solid_stem","Geno_1008","non_sst1_solid_stem"
"sst1_solid_stem","Geno_412","non_sst1_solid_stem"
"sst1_solid_stem","Geno_599","non_sst1_solid_stem"
"sst1_solid_stem","Geno_531","non_sst1_solid_stem"
"sst1_solid_stem","Geno_537","non_sst1_solid_stem"
"sst1_solid_stem","Geno_545","non_sst1_solid_stem"
"sst1_solid_stem","Geno_606","non_sst1_solid_stem"
"sst1_solid_stem","Geno_607","non_sst1_solid_stem"
"sst1_solid_stem","Geno_614","het_sst1_solid_stem"
"sst1_solid_stem","Geno_521","non_sst1_solid_stem"
"sst1_solid_stem","Geno_527","non_sst1_solid_stem"
"sst1_solid_stem","Geno_534","het_sst1_solid_stem"
"sst1_solid_stem","Geno_541","non_sst1_solid_stem"
"sst1_solid_stem","Geno_547","sst1_solid_stem"
"sst1_solid_stem","Geno_554","sst1_solid_stem"
"sst1_solid_stem","Geno_444","non_sst1_solid_stem"
"sst1_solid_stem","Geno_459","non_sst1_solid_stem"
"sst1_solid_stem","Geno_587","non_sst1_solid_stem"
"sst1_solid_stem","Geno_593","sst1_solid_stem"
"sst1_solid_stem","Geno_592","sst1_solid_stem"
"sst1_solid_stem","Geno_604","sst1_solid_stem"
"sst1_solid_stem","Geno_610","sst1_solid_stem"
"sst1_solid_stem","Geno_517","sst1_solid_stem"
"sst1_solid_stem","Geno_522","sst1_solid_stem"
"sst1_solid_stem","Geno_488","sst1_solid_stem"
"sst1_solid_stem","Geno_415","sst1_solid_stem"
"sst1_solid_stem","Geno_420","sst1_solid_stem"
"sst1_solid_stem","Geno_425","sst1_solid_stem"
"sst1_solid_stem","Geno_432","sst1_solid_stem"
"sst1_solid_stem","Geno_431","sst1_solid_stem"
"sst1_solid_stem","Geno_436","sst1_solid_stem"
"sst1_solid_stem","Geno_442","sst1_solid_stem"
"sst1_solid_stem","Geno_448","het_sst1_solid_stem"
"sst1_solid_stem","Geno_455","sst1_solid_stem"
"sst1_solid_stem","Geno_330","sst1_solid_stem"
"sst1_solid_stem","Geno_334","sst1_solid_stem"
"sst1_solid_stem","Geno_339","sst1_solid_stem"
"sst1_solid_stem","Geno_568","het_sst1_solid_stem"
"sst1_solid_stem","Geno_578","non_sst1_solid_stem"
"sst1_solid_stem","Geno_584","non_sst1_solid_stem"
"sst1_solid_stem","Geno_590","non_sst1_solid_stem"
"sst1_solid_stem","Geno_596","non_sst1_solid_stem"
"sst1_solid_stem","Geno_467","non_sst1_solid_stem"
"sst1_solid_stem","Geno_470","non_sst1_solid_stem"
"sst1_solid_stem","Geno_475","non_sst1_solid_stem"
"sst1_solid_stem","Geno_480","non_sst1_solid_stem"
"sst1_solid_stem","Geno_486","non_sst1_solid_stem"
"sst1_solid_stem","Geno_413","non_sst1_solid_stem"
"sst1_solid_stem","Geno_418","het_sst1_solid_stem"
"sst1_solid_stem","Geno_417","het_sst1_solid_stem"
"sst1_solid_stem","Geno_422","non_sst1_solid_stem"
"sst1_solid_stem","Geno_429","non_sst1_solid_stem"
"sst1_solid_stem","Geno_318","non_sst1_solid_stem"
"sst1_solid_stem","Geno_319","het_sst1_solid_stem"
"sst1_solid_stem","Geno_321","non_sst1_solid_stem"
"sst1_solid_stem","Geno_324","sst1_solid_stem"
"sst1_solid_stem","Geno_329","sst1_solid_stem"
"sst1_solid_stem","Geno_337","het_sst1_solid_stem"
"sst1_solid_stem","Geno_566","sst1_solid_stem"
"sst1_solid_stem","Geno_565","het_sst1_solid_stem"
"sst1_solid_stem","Geno_570","het_sst1_solid_stem"
"sst1_solid_stem","Geno_462","sst1_solid_stem"
"sst1_solid_stem","Geno_464","sst1_solid_stem"
"sst1_solid_stem","Geno_474","het_sst1_solid_stem"
"sst1_solid_stem","Geno_479","sst1_solid_stem"
"sst1_solid_stem","Geno_485","sst1_solid_stem"
"sst1_solid_stem","Geno_483","sst1_solid_stem"
"sst1_solid_stem","Geno_391","het_sst1_solid_stem"
"sst1_solid_stem","Geno_403","het_sst1_solid_stem"
"sst1_solid_stem","Geno_407","het_sst1_solid_stem"
"sst1_solid_stem","Geno_410","sst1_solid_stem"
"sst1_solid_stem","Geno_342","sst1_solid_stem"
"sst1_solid_stem","Geno_346","sst1_solid_stem"
"sst1_solid_stem","Geno_349","sst1_solid_stem"
"sst1_solid_stem","Geno_353","het_sst1_solid_stem"
"sst1_solid_stem","Geno_357","sst1_solid_stem"
"sst1_solid_stem","Geno_526","sst1_solid_stem"
"sst1_solid_stem","Geno_344","sst1_solid_stem"
"sst1_solid_stem","Geno_355","het_sst1_solid_stem"
"sst1_solid_stem","Geno_359","sst1_solid_stem"
"sst1_solid_stem","Geno_362","sst1_solid_stem"
"sst1_solid_stem","Geno_363","sst1_solid_stem"
"sst1_solid_stem","Geno_345","sst1_solid_stem"
"sst1_solid_stem","Geno_364","sst1_solid_stem"
"sst1_solid_stem","Geno_365","het_sst1_solid_stem"
"sst1_solid_stem","Geno_478","sst1_solid_stem"
"sst1_solid_stem","Geno_489","sst1_solid_stem"
"sst1_solid_stem","Geno_504","sst1_solid_stem"
"sst1_solid_stem","Geno_509","sst1_solid_stem"
"sst1_solid_stem","Geno_511","sst1_solid_stem"
"sst1_solid_stem","Geno_513","sst1_solid_stem"
"sst1_solid_stem","Geno_327","sst1_solid_stem"
"sst1_solid_stem","Geno_336","sst1_solid_stem"
"sst1_solid_stem","Geno_343","sst1_solid_stem"
"sst1_solid_stem","Geno_347","het_sst1_solid_stem"
"sst1_solid_stem","Geno_350","sst1_solid_stem"
"sst1_solid_stem","Geno_354","sst1_solid_stem"
"sst1_solid_stem","Geno_358","sst1_solid_stem"
"sst1_solid_stem","Geno_361","sst1_solid_stem"
"sst1_solid_stem","Geno_465","sst1_solid_stem"
"sst1_solid_stem","Geno_468","sst1_solid_stem"
"sst1_solid_stem","Geno_348","sst1_solid_stem"
"sst1_solid_stem","Geno_352","sst1_solid_stem"
"sst1_solid_stem","Geno_484","sst1_solid_stem"
"sst1_solid_stem","Geno_356","sst1_solid_stem"
"sst1_solid_stem","Geno_360","sst1_solid_stem"
"sst1_solid_stem","Geno_492","sst1_solid_stem"
"sst1_solid_stem","Geno_497","sst1_solid_stem"
"sst1_solid_stem","Geno_503","sst1_solid_stem"
"sst1_solid_stem","Geno_506","sst1_solid_stem"
"sst1_solid_stem","Geno_2","het_sst1_solid_stem"
"sst1_solid_stem","Geno_38","sst1_solid_stem"
"sst1_solid_stem","Geno_40","het_sst1_solid_stem"
"sst1_solid_stem","Geno_43","sst1_solid_stem"
"sst1_solid_stem","Geno_69","sst1_solid_stem"
"sst1_solid_stem","Geno_85","sst1_solid_stem"
"sst1_solid_stem","Geno_86","sst1_solid_stem"
"sst1_solid_stem","Geno_88","non_sst1_solid_stem"
"sst1_solid_stem","Geno_89","het_sst1_solid_stem"
"sst1_solid_stem","Geno_22","sst1_solid_stem"
"sst1_solid_stem","Geno_28","sst1_solid_stem"
"sst1_solid_stem","Geno_33","sst1_solid_stem"
"sst1_solid_stem","Geno_55","het_sst1_solid_stem"
"sst1_solid_stem","Geno_57","sst1_solid_stem"
"sst1_solid_stem","Geno_21","sst1_solid_stem"
"sst1_solid_stem","Geno_58","sst1_solid_stem"
"sst1_solid_stem","Geno_59","sst1_solid_stem"
"sst1_solid_stem","Geno_24","sst1_solid_stem"
"sst1_solid_stem","Geno_60","sst1_solid_stem"
"sst1_solid_stem","Geno_64","sst1_solid_stem"
"sst1_solid_stem","Geno_34","sst1_solid_stem"
"sst1_solid_stem","Geno_35","sst1_solid_stem"
"sst1_solid_stem","Geno_36","sst1_solid_stem"
"sst1_solid_stem","Geno_67","sst1_solid_stem"
"sst1_solid_stem","Geno_70","het_sst1_solid_stem"
"sst1_solid_stem","Geno_73","sst1_solid_stem"
"sst1_solid_stem","Geno_95","sst1_solid_stem"
"sst1_solid_stem","Geno_63","sst1_solid_stem"
"sst1_solid_stem","Geno_96","sst1_solid_stem"
"sst1_solid_stem","Geno_65","sst1_solid_stem"
"sst1_solid_stem","Geno_98","sst1_solid_stem"
"sst1_solid_stem","Geno_1","sst1_solid_stem"
"sst1_solid_stem","Geno_4","sst1_solid_stem"
"sst1_solid_stem","Geno_68","sst1_solid_stem"
"sst1_solid_stem","Geno_71","sst1_solid_stem"
"sst1_solid_stem","Geno_76","sst1_solid_stem"
"sst1_solid_stem","Geno_81","sst1_solid_stem"
"sst1_solid_stem","Geno_83","sst1_solid_stem"
"sst1_solid_stem","Geno_7","het_sst1_solid_stem"
"sst1_solid_stem","Geno_10","sst1_solid_stem"
"sst1_solid_stem","Geno_3","sst1_solid_stem"
"sst1_solid_stem","Geno_48","sst1_solid_stem"
"sst1_solid_stem","Geno_12","sst1_solid_stem"
"sst1_solid_stem","Geno_50","sst1_solid_stem"
"sst1_solid_stem","Geno_14","sst1_solid_stem"
"sst1_solid_stem","Geno_17","sst1_solid_stem"
"sst1_solid_stem","Geno_20","sst1_solid_stem"
"sst1_solid_stem","Geno_52","sst1_solid_stem"
"sst1_solid_stem","Geno_26","sst1_solid_stem"
"sst1_solid_stem","Geno_56","het_sst1_solid_stem"
"sst1_solid_stem","Geno_551","non_sst1_solid_stem"
"sst1_solid_stem","Geno_528","non_sst1_solid_stem"
"sst1_solid_stem","Geno_552","non_sst1_solid_stem"
"sst1_solid_stem","Geno_559","non_sst1_solid_stem"
"sst1_solid_stem","Geno_563","non_sst1_solid_stem"
"sst1_solid_stem","Geno_493","non_sst1_solid_stem"
"sst1_solid_stem","Geno_499","non_sst1_solid_stem"
"sst1_solid_stem","Geno_454","non_sst1_solid_stem"
"sst1_solid_stem","Geno_367","non_sst1_solid_stem"
"sst1_solid_stem","Geno_375","non_sst1_solid_stem"
"sst1_solid_stem","Geno_532","sst1_solid_stem"
"sst1_solid_stem","Geno_538","sst1_solid_stem"
"sst1_solid_stem","Geno_544","sst1_solid_stem"
"sst1_solid_stem","Geno_550","sst1_solid_stem"
"sst1_solid_stem","Geno_557","sst1_solid_stem"
"sst1_solid_stem","Geno_561","sst1_solid_stem"
"sst1_solid_stem","Geno_490","sst1_solid_stem"
"sst1_solid_stem","Geno_495","sst1_solid_stem"
"sst1_solid_stem","Geno_501","sst1_solid_stem"
"sst1_solid_stem","Geno_371","sst1_solid_stem"
"sst1_solid_stem","Geno_378","sst1_solid_stem"
"sst1_solid_stem","Geno_382","het_sst1_solid_stem"
"sst1_solid_stem","Geno_389","sst1_solid_stem"
"sst1_solid_stem","Geno_402","het_sst1_solid_stem"
"sst1_solid_stem","Geno_406","non_sst1_solid_stem"
"sst1_solid_stem","Geno_409","het_sst1_solid_stem"
"sst1_solid_stem","Geno_341","sst1_solid_stem"
"sst1_solid_stem","Geno_608","sst1_solid_stem"
"sst1_solid_stem","Geno_535","sst1_solid_stem"
"sst1_solid_stem","Geno_613","het_sst1_solid_stem"
"sst1_solid_stem","Geno_542","het_sst1_solid_stem"
"sst1_solid_stem","Geno_612","sst1_solid_stem"
"sst1_solid_stem","Geno_520","non_sst1_solid_stem"
"sst1_solid_stem","Geno_530","sst1_solid_stem"
"sst1_solid_stem","Geno_383","non_sst1_solid_stem"
"sst1_solid_stem","Geno_536","sst1_solid_stem"
"sst1_solid_stem","Geno_548","non_sst1_solid_stem"
"sst1_solid_stem","Geno_543","sst1_solid_stem"
"sst1_solid_stem","Geno_549","sst1_solid_stem"
"sst1_solid_stem","Geno_399","sst1_solid_stem"
"sst1_solid_stem","Geno_400","sst1_solid_stem"
"sst1_solid_stem","Geno_556","non_sst1_solid_stem"
"sst1_solid_stem","Geno_440","sst1_solid_stem"
"sst1_solid_stem","Geno_404","het_sst1_solid_stem"
"sst1_solid_stem","Geno_411","sst1_solid_stem"
"sst1_solid_stem","Geno_595","non_sst1_solid_stem"
"sst1_solid_stem","Geno_602","sst1_solid_stem"
"sst1_solid_stem","Geno_609","non_sst1_solid_stem"
"sst1_solid_stem","Geno_518","het_sst1_solid_stem"
"sst1_solid_stem","Geno_524","sst1_solid_stem"
"sst1_solid_stem","Geno_555","het_sst1_solid_stem"
"sst1_solid_stem","Geno_533","het_sst1_solid_stem"
"sst1_solid_stem","Geno_539","het_sst1_solid_stem"
"sst1_solid_stem","Geno_540","sst1_solid_stem"
"sst1_solid_stem","Geno_560","het_sst1_solid_stem"
"sst1_solid_stem","Geno_451","het_sst1_solid_stem"
"sst1_solid_stem","Geno_564","sst1_solid_stem"
"sst1_solid_stem","Geno_546","sst1_solid_stem"
"sst1_solid_stem","Geno_553","sst1_solid_stem"
"sst1_solid_stem","Geno_427","sst1_solid_stem"
"sst1_solid_stem","Geno_434","non_sst1_solid_stem"
"sst1_solid_stem","Geno_450","sst1_solid_stem"
"sst1_solid_stem","Geno_458","sst1_solid_stem"
"sst1_solid_stem","Geno_441","sst1_solid_stem"
"sst1_solid_stem","Geno_494","het_sst1_solid_stem"
"sst1_solid_stem","Geno_500","het_sst1_solid_stem"
"sst1_solid_stem","Geno_453","sst1_solid_stem"
"sst1_solid_stem","Geno_460","sst1_solid_stem"
"sst1_solid_stem","Geno_447","sst1_solid_stem"
"sst1_solid_stem","Geno_373","sst1_solid_stem"
"sst1_solid_stem","Geno_457","het_sst1_solid_stem"
"sst1_solid_stem","Geno_369","sst1_solid_stem"
"sst1_solid_stem","Geno_380","sst1_solid_stem"
"sst1_solid_stem","Geno_377","sst1_solid_stem"
"sst1_solid_stem","Geno_384","sst1_solid_stem"
"sst1_solid_stem","Geno_385","sst1_solid_stem"
"sst1_solid_stem","Geno_387","sst1_solid_stem"
"sst1_solid_stem","Geno_394","sst1_solid_stem"
"sst1_solid_stem","Geno_392","sst1_solid_stem"
"sst1_solid_stem","Geno_576","het_sst1_solid_stem"
"sst1_solid_stem","Geno_368","het_sst1_solid_stem"
"sst1_solid_stem","Geno_583","sst1_solid_stem"
"sst1_solid_stem","Geno_381","het_sst1_solid_stem"
"sst1_solid_stem","Geno_395","het_sst1_solid_stem"
"sst1_solid_stem","Geno_582","het_sst1_solid_stem"
"sst1_solid_stem","Geno_588","non_sst1_solid_stem"
"sst1_solid_stem","Geno_594","sst1_solid_stem"
"sst1_solid_stem","Geno_601","sst1_solid_stem"
"sst1_solid_stem","Geno_600","sst1_solid_stem"
"sst1_solid_stem","Geno_605","sst1_solid_stem"
"sst1_solid_stem","Geno_611","sst1_solid_stem"
"sst1_solid_stem","Geno_519","sst1_solid_stem"
"sst1_solid_stem","Geno_523","non_sst1_solid_stem"
"sst1_solid_stem","Geno_529","non_sst1_solid_stem"
"sst1_solid_stem","Geno_421","sst1_solid_stem"
"sst1_solid_stem","Geno_426","non_sst1_solid_stem"
"sst1_solid_stem","Geno_439","sst1_solid_stem"
"sst1_solid_stem","Geno_438","non_sst1_solid_stem"
"sst1_solid_stem","Geno_443","sst1_solid_stem"
"sst1_solid_stem","Geno_449","sst1_solid_stem"
"sst1_solid_stem","Geno_456","sst1_solid_stem"
"sst1_solid_stem","Geno_366","sst1_solid_stem"
"sst1_solid_stem","Geno_335","non_sst1_solid_stem"
"sst1_solid_stem","Geno_569","sst1_solid_stem"
"sst1_solid_stem","Geno_574","het_sst1_solid_stem"
"sst1_solid_stem","Geno_585","sst1_solid_stem"
"sst1_solid_stem","Geno_591","non_sst1_solid_stem"
"sst1_solid_stem","Geno_471","non_sst1_solid_stem"
"sst1_solid_stem","Geno_476","sst1_solid_stem"
"sst1_solid_stem","Geno_481","het_sst1_solid_stem"
"sst1_solid_stem","Geno_589","sst1_solid_stem"
"sst1_solid_stem","Geno_487","sst1_solid_stem"
"sst1_solid_stem","Geno_414","het_sst1_solid_stem"
"sst1_solid_stem","Geno_419","het_sst1_solid_stem"
"sst1_solid_stem","Geno_424","het_sst1_solid_stem"
"sst1_solid_stem","Geno_423","het_sst1_solid_stem"
"sst1_solid_stem","Geno_430","sst1_solid_stem"
"sst1_solid_stem","Geno_435","sst1_solid_stem"
"sst1_solid_stem","Geno_320","sst1_solid_stem"
"sst1_solid_stem","Geno_322","sst1_solid_stem"
"sst1_solid_stem","Geno_333","sst1_solid_stem"
"sst1_solid_stem","Geno_338","het_sst1_solid_stem"
"sst1_solid_stem","Geno_567","sst1_solid_stem"
"sst1_solid_stem","Geno_572","sst1_solid_stem"
"sst1_solid_stem","Geno_577","sst1_solid_stem"
"sst1_solid_stem","Geno_496","non_sst1_solid_stem"
"sst1_solid_stem","Geno_502","sst1_solid_stem"
"sst1_solid_stem","Geno_505","sst1_solid_stem"
"sst1_solid_stem","Geno_508","sst1_solid_stem"
"sst1_solid_stem","Geno_510","sst1_solid_stem"
"sst1_solid_stem","Geno_512","sst1_solid_stem"
"sst1_solid_stem","Geno_514","sst1_solid_stem"
"sst1_solid_stem","Geno_398","sst1_solid_stem"
"sst1_solid_stem","Geno_637","sst1_solid_stem"
"sst1_solid_stem","Geno_642","het_sst1_solid_stem"
"sst1_solid_stem","Geno_618","non_sst1_solid_stem"
"sst1_solid_stem","Geno_620","non_sst1_solid_stem"
"sst1_solid_stem","Geno_623","sst1_solid_stem"
"sst1_solid_stem","Geno_640","non_sst1_solid_stem"
"sst1_solid_stem","Geno_624","non_sst1_solid_stem"
"sst1_solid_stem","Geno_667","het_sst1_solid_stem"
"sst1_solid_stem","Geno_670","het_sst1_solid_stem"
"sst1_solid_stem","Geno_673","non_sst1_solid_stem"
"sst1_solid_stem","Geno_675","sst1_solid_stem"
"sst1_solid_stem","Geno_677","het_sst1_solid_stem"
"sst1_solid_stem","Geno_679","het_sst1_solid_stem"
"sst1_solid_stem","Geno_656","sst1_solid_stem"
"sst1_solid_stem","Geno_658","sst1_solid_stem"
"sst1_solid_stem","Geno_683","het_sst1_solid_stem"
"sst1_solid_stem","Geno_627","het_sst1_solid_stem"
"sst1_solid_stem","Geno_630","sst1_solid_stem"
"sst1_solid_stem","Geno_634","sst1_solid_stem"
"sst1_solid_stem","Geno_636","sst1_solid_stem"
"sst1_solid_stem","Geno_638","het_sst1_solid_stem"
"sst1_solid_stem","Geno_617","sst1_solid_stem"
"sst1_solid_stem","Geno_619","sst1_solid_stem"
"sst1_solid_stem","Geno_662","sst1_solid_stem"
"sst1_solid_stem","Geno_661","sst1_solid_stem"
"sst1_solid_stem","Geno_664","sst1_solid_stem"
"sst1_solid_stem","Geno_666","sst1_solid_stem"
"sst1_solid_stem","Geno_669","sst1_solid_stem"
"sst1_solid_stem","Geno_685","het_sst1_solid_stem"
"sst1_solid_stem","Geno_676","sst1_solid_stem"
"sst1_solid_stem","Geno_652","non_sst1_solid_stem"
"sst1_solid_stem","Geno_655","het_sst1_solid_stem"
"sst1_solid_stem","Geno_654","non_sst1_solid_stem"
"sst1_solid_stem","Geno_629","het_sst1_solid_stem"
"sst1_solid_stem","Geno_631","het_sst1_solid_stem"
"sst1_solid_stem","Geno_633","het_sst1_solid_stem"
"sst1_solid_stem","Geno_680","non_sst1_solid_stem"
"sst1_solid_stem","Geno_681","sst1_solid_stem"
"sst1_solid_stem","Geno_684","non_sst1_solid_stem"
"sst1_solid_stem","Geno_689","sst1_solid_stem"
"sst1_solid_stem","Geno_687","non_sst1_solid_stem"
"sst1_solid_stem","Geno_690","sst1_solid_stem"
"sst1_solid_stem","Geno_660","het_sst1_solid_stem"
"sst1_solid_stem","Geno_668","sst1_solid_stem"
"sst1_solid_stem","Geno_644","non_sst1_solid_stem"
"sst1_solid_stem","Geno_645","het_sst1_solid_stem"
"sst1_solid_stem","Geno_686","het_sst1_solid_stem"
"sst1_solid_stem","Geno_646","sst1_solid_stem"
"sst1_solid_stem","Geno_647","sst1_solid_stem"
"sst1_solid_stem","Geno_649","sst1_solid_stem"
"sst1_solid_stem","Geno_648","sst1_solid_stem"
"sst1_solid_stem","Geno_651","sst1_solid_stem"
"sst1_solid_stem","Geno_653","sst1_solid_stem"
"sst1_solid_stem","Geno_1342","non_sst1_solid_stem"
"sst1_solid_stem","Geno_1337","non_sst1_solid_stem"
"sst1_solid_stem","Geno_1053","non_sst1_solid_stem"
"sst1_solid_stem","Geno_1036","het_sst1_solid_stem"
"sst1_solid_stem","Geno_1349","het_sst1_solid_stem"
"sst1_solid_stem","Geno_1185","sst1_solid_stem"
"sst1_solid_stem","Geno_1181","sst1_solid_stem"
"sst1_solid_stem","Geno_1162","non_sst1_solid_stem"
"sst1_solid_stem","Geno_1156","non_sst1_solid_stem"
"sst1_solid_stem","Geno_1151","non_sst1_solid_stem"
"sst1_solid_stem","Geno_1145","non_sst1_solid_stem"
"sst1_solid_stem","Geno_1140","non_sst1_solid_stem"
"sst1_solid_stem","Geno_1049","non_sst1_solid_stem"
"sst1_solid_stem","Geno_1061","non_sst1_solid_stem"
"sst1_solid_stem","Geno_1056","non_sst1_solid_stem"
"sst1_solid_stem","Geno_1175","non_sst1_solid_stem"
"sst1_solid_stem","Geno_1169","non_sst1_solid_stem"
"sst1_solid_stem","Geno_1164","non_sst1_solid_stem"
"sst1_solid_stem","Geno_1081","non_sst1_solid_stem"
"sst1_solid_stem","Geno_1047","non_sst1_solid_stem"
"sst1_solid_stem","Geno_1226","non_sst1_solid_stem"
"sst1_solid_stem","Geno_1068","non_sst1_solid_stem"
"sst1_solid_stem","Geno_1041","non_sst1_solid_stem"
"sst1_solid_stem","Geno_1319","het_sst1_solid_stem"
"sst1_solid_stem","Geno_1314","sst1_solid_stem"
"sst1_solid_stem","Geno_1216","sst1_solid_stem"
"sst1_solid_stem","Geno_1210","non_sst1_solid_stem"
"sst1_solid_stem","Geno_1204","non_sst1_solid_stem"
"sst1_solid_stem","Geno_1197","sst1_solid_stem"
"sst1_solid_stem","Geno_1332","sst1_solid_stem"
"sst1_solid_stem","Geno_1326","sst1_solid_stem"
"sst1_solid_stem","Geno_1192","sst1_solid_stem"
"sst1_solid_stem","Geno_1044","non_sst1_solid_stem"
"sst1_solid_stem","Geno_1198","non_sst1_solid_stem"
"sst1_solid_stem","Geno_1245","non_sst1_solid_stem"
"sst1_solid_stem","Geno_1249","non_sst1_solid_stem"
"sst1_solid_stem","Geno_1146","non_sst1_solid_stem"
"sst1_solid_stem","Geno_1066","non_sst1_solid_stem"
"sst1_solid_stem","Geno_1067","non_sst1_solid_stem"
"sst1_solid_stem","Geno_1070","non_sst1_solid_stem"
"sst1_solid_stem","Geno_1211","non_sst1_solid_stem"
"sst1_solid_stem","Geno_1190","non_sst1_solid_stem"
"sst1_solid_stem","Geno_1144","non_sst1_solid_stem"
"sst1_solid_stem","Geno_1139","non_sst1_solid_stem"
"sst1_solid_stem","Geno_1189","non_sst1_solid_stem"
"sst1_solid_stem","Geno_1228","non_sst1_solid_stem"
"sst1_solid_stem","Geno_1256","non_sst1_solid_stem"
"sst1_solid_stem","Geno_1116","non_sst1_solid_stem"
"sst1_solid_stem","Geno_1110","non_sst1_solid_stem"
"sst1_solid_stem","Geno_1334","non_sst1_solid_stem"
"sst1_solid_stem","Geno_1327","non_sst1_solid_stem"
"sst1_solid_stem","Geno_1321","non_sst1_solid_stem"
"sst1_solid_stem","Geno_1317","non_sst1_solid_stem"
"sst1_solid_stem","Geno_1312","non_sst1_solid_stem"
"sst1_solid_stem","Geno_1305","non_sst1_solid_stem"
"sst1_solid_stem","Geno_1299","non_sst1_solid_stem"
"sst1_solid_stem","Geno_1224","non_sst1_solid_stem"
"sst1_solid_stem","Geno_1032","non_sst1_solid_stem"
"sst1_solid_stem","Geno_1033","non_sst1_solid_stem"
"sst1_solid_stem","Geno_1346","non_sst1_solid_stem"
"sst1_solid_stem","Geno_1339","non_sst1_solid_stem"
"sst1_solid_stem","Geno_1331","non_sst1_solid_stem"
"sst1_solid_stem","Geno_1325","non_sst1_solid_stem"
"sst1_solid_stem","Geno_1318","non_sst1_solid_stem"
"sst1_solid_stem","Geno_1236","sst1_solid_stem"
"sst1_solid_stem","Geno_1263","non_sst1_solid_stem"
"sst1_solid_stem","Geno_1259","non_sst1_solid_stem"
"sst1_solid_stem","Geno_1253","non_sst1_solid_stem"
"sst1_solid_stem","Geno_1246","non_sst1_solid_stem"
"sst1_solid_stem","Geno_1242","non_sst1_solid_stem"
"sst1_solid_stem","Geno_1046","non_sst1_solid_stem"
"sst1_solid_stem","Geno_1225","non_sst1_solid_stem"
"sst1_solid_stem","Geno_1215","non_sst1_solid_stem"
"sst1_solid_stem","Geno_1057","non_sst1_solid_stem"
"sst1_solid_stem","Geno_1096","non_sst1_solid_stem"
"sst1_solid_stem","Geno_1092","non_sst1_solid_stem"
"sst1_solid_stem","Geno_1038","non_sst1_solid_stem"
"sst1_solid_stem","Geno_1087","non_sst1_solid_stem"
"sst1_solid_stem","Geno_1293","non_sst1_solid_stem"
"sst1_solid_stem","Geno_1288","non_sst1_solid_stem"
"sst1_solid_stem","Geno_1281","non_sst1_solid_stem"
"sst1_solid_stem","Geno_1275","non_sst1_solid_stem"
"sst1_solid_stem","Geno_1269","non_sst1_solid_stem"
"sst1_solid_stem","Geno_1158","non_sst1_solid_stem"
"sst1_solid_stem","Geno_1152","non_sst1_solid_stem"
"sst1_solid_stem","Geno_1149","non_sst1_solid_stem"
"sst1_solid_stem","Geno_1082","sst1_solid_stem"
"sst1_solid_stem","Geno_1221","non_sst1_solid_stem"
"sst1_solid_stem","Geno_1218","non_sst1_solid_stem"
"sst1_solid_stem","Geno_1212","non_sst1_solid_stem"
"sst1_solid_stem","Geno_1206","non_sst1_solid_stem"
"sst1_solid_stem","Geno_1199","non_sst1_solid_stem"
"sst1_solid_stem","Geno_1264","non_sst1_solid_stem"
"sst1_solid_stem","Geno_1095","het_sst1_solid_stem"
"sst1_solid_stem","Geno_1345","sst1_solid_stem"
"sst1_solid_stem","Geno_1338","sst1_solid_stem"
"sst1_solid_stem","Geno_1333","sst1_solid_stem"
"sst1_solid_stem","Geno_1217","sst1_solid_stem"
"sst1_solid_stem","Geno_1202","sst1_solid_stem"
"sst1_solid_stem","Geno_1196","sst1_solid_stem"
"sst1_solid_stem","Geno_1191","sst1_solid_stem"
"sst1_solid_stem","Geno_1126","non_sst1_solid_stem"
"sst1_solid_stem","Geno_1120","non_sst1_solid_stem"
"sst1_solid_stem","Geno_1115","non_sst1_solid_stem"
"sst1_solid_stem","Geno_1182","non_sst1_solid_stem"
"sst1_solid_stem","Geno_1173","het_sst1_solid_stem"
"sst1_solid_stem","Geno_1072","het_sst1_solid_stem"
"sst1_solid_stem","Geno_1071","het_sst1_solid_stem"
"sst1_solid_stem","Geno_1109","non_sst1_solid_stem"
"sst1_solid_stem","Geno_1103","non_sst1_solid_stem"
"sst1_solid_stem","Geno_1097","non_sst1_solid_stem"
"sst1_solid_stem","Geno_1090","non_sst1_solid_stem"
"sst1_solid_stem","Geno_1086","non_sst1_solid_stem"
"sst1_solid_stem","Geno_1309","non_sst1_solid_stem"
"sst1_solid_stem","Geno_1304","non_sst1_solid_stem"
"sst1_solid_stem","Geno_1298","non_sst1_solid_stem"
"sst1_solid_stem","Geno_1292","non_sst1_solid_stem"
"sst1_solid_stem","Geno_1287","non_sst1_solid_stem"
"sst1_solid_stem","Geno_1137","non_sst1_solid_stem"
"sst1_solid_stem","Geno_1195","non_sst1_solid_stem"
"sst1_solid_stem","Geno_1131","non_sst1_solid_stem"
"sst1_solid_stem","Geno_1184","sst1_solid_stem"
"sst1_solid_stem","Geno_1069","sst1_solid_stem"
"sst1_solid_stem","Geno_1177","het_sst1_solid_stem"
"sst1_solid_stem","Geno_1313","het_sst1_solid_stem"
"sst1_solid_stem","Geno_1306","het_sst1_solid_stem"
"sst1_solid_stem","Geno_1209","sst1_solid_stem"
"sst1_solid_stem","Geno_1227","non_sst1_solid_stem"
"sst1_solid_stem","Geno_1230","non_sst1_solid_stem"
"sst1_solid_stem","Geno_1347","non_sst1_solid_stem"
"sst1_solid_stem","Geno_1220","sst1_solid_stem"
"sst1_solid_stem","Geno_1174","non_sst1_solid_stem"
"sst1_solid_stem","Geno_1168","het_sst1_solid_stem"
"sst1_solid_stem","Geno_1163","sst1_solid_stem"
"sst1_solid_stem","Geno_1157","non_sst1_solid_stem"
"sst1_solid_stem","Geno_1063","non_sst1_solid_stem"
"sst1_solid_stem","Geno_1060","non_sst1_solid_stem"
"sst1_solid_stem","Geno_1214","non_sst1_solid_stem"
"sst1_solid_stem","Geno_1208","non_sst1_solid_stem"
"sst1_solid_stem","Geno_1320","non_sst1_solid_stem"
"sst1_solid_stem","Geno_1201","non_sst1_solid_stem"
"sst1_solid_stem","Geno_1188","non_sst1_solid_stem"
"sst1_solid_stem","Geno_1114","non_sst1_solid_stem"
"sst1_solid_stem","Geno_1323","non_sst1_solid_stem"
"sst1_solid_stem","Geno_1108","non_sst1_solid_stem"
"sst1_solid_stem","Geno_1059","non_sst1_solid_stem"
"sst1_solid_stem","Geno_1064","non_sst1_solid_stem"
"sst1_solid_stem","Geno_1248","sst1_solid_stem"
"sst1_solid_stem","Geno_1243","sst1_solid_stem"
"sst1_solid_stem","Geno_1241","sst1_solid_stem"
"sst1_solid_stem","Geno_1222","sst1_solid_stem"
"sst1_solid_stem","Geno_1238","sst1_solid_stem"
"sst1_solid_stem","Geno_1203","non_sst1_solid_stem"
"sst1_solid_stem","Geno_1340","non_sst1_solid_stem"
"sst1_solid_stem","Geno_1330","non_sst1_solid_stem"
"sst1_solid_stem","Geno_1091","sst1_solid_stem"
"sst1_solid_stem","Geno_1085","sst1_solid_stem"
"sst1_solid_stem","Geno_1282","non_sst1_solid_stem"
"sst1_solid_stem","Geno_1183","non_sst1_solid_stem"
"sst1_solid_stem","Geno_1176","non_sst1_solid_stem"
"sst1_solid_stem","Geno_1170","non_sst1_solid_stem"
"sst1_solid_stem","Geno_1165","non_sst1_solid_stem"
"sst1_solid_stem","Geno_1161","non_sst1_solid_stem"
"sst1_solid_stem","Geno_1155","non_sst1_solid_stem"
"sst1_solid_stem","Geno_1150","non_sst1_solid_stem"
"sst1_solid_stem","Geno_1194","non_sst1_solid_stem"
"sst1_solid_stem","Geno_1133","sst1_solid_stem"
"sst1_solid_stem","Geno_1043","sst1_solid_stem"
"sst1_solid_stem","Geno_1348","non_sst1_solid_stem"
"sst1_solid_stem","Geno_1341","non_sst1_solid_stem"
"sst1_solid_stem","Geno_1335","non_sst1_solid_stem"
"sst1_solid_stem","Geno_1055","non_sst1_solid_stem"
"sst1_solid_stem","Geno_1051","non_sst1_solid_stem"
"sst1_solid_stem","Geno_1065","non_sst1_solid_stem"
"sst1_solid_stem","Geno_1045","het_sst1_solid_stem"
"sst1_solid_stem","Geno_1080","non_sst1_solid_stem"
"sst1_solid_stem","Geno_1054","non_sst1_solid_stem"
"sst1_solid_stem","Geno_1078","het_sst1_solid_stem"
"sst1_solid_stem","Geno_1048","sst1_solid_stem"
"sst1_solid_stem","Geno_1076","het_sst1_solid_stem"
"sst1_solid_stem","Geno_1074","sst1_solid_stem"
"sst1_solid_stem","Geno_1234","sst1_solid_stem"
"sst1_solid_stem","Geno_1232","non_sst1_solid_stem"
"sst1_solid_stem","Geno_1229","sst1_solid_stem"
"sst1_solid_stem","Geno_1107","non_sst1_solid_stem"
"sst1_solid_stem","Geno_1101","sst1_solid_stem"
"sst1_solid_stem","Geno_1143","non_sst1_solid_stem"
"sst1_solid_stem","Geno_1138","non_sst1_solid_stem"
"sst1_solid_stem","Geno_1132","non_sst1_solid_stem"
"sst1_solid_stem","Geno_1308","non_sst1_solid_stem"
"sst1_solid_stem","Geno_1127","non_sst1_solid_stem"
"sst1_solid_stem","Geno_1121","non_sst1_solid_stem"
"sst1_solid_stem","Geno_1035","non_sst1_solid_stem"
"sst1_solid_stem","Geno_1058","het_sst1_solid_stem"
"sst1_solid_stem","Geno_1039","non_sst1_solid_stem"
"sst1_solid_stem","Geno_1083","non_sst1_solid_stem"
"sst1_solid_stem","Geno_1079","non_sst1_solid_stem"
"sst1_solid_stem","Geno_1077","non_sst1_solid_stem"
"sst1_solid_stem","Geno_1075","non_sst1_solid_stem"
"sst1_solid_stem","Geno_1286","non_sst1_solid_stem"
"sst1_solid_stem","Geno_1280","non_sst1_solid_stem"
"sst1_solid_stem","Geno_1274","non_sst1_solid_stem"
"sst1_solid_stem","Geno_1268","non_sst1_solid_stem"
"sst1_solid_stem","Geno_1258","sst1_solid_stem"
"sst1_solid_stem","Geno_1251","het_sst1_solid_stem"
"sst1_solid_stem","Geno_1239","non_sst1_solid_stem"
"sst1_solid_stem","Geno_1300","non_sst1_solid_stem"
"sst1_solid_stem","Geno_1307","non_sst1_solid_stem"
"sst1_solid_stem","Geno_1050","non_sst1_solid_stem"
"sst1_solid_stem","Geno_1102","non_sst1_solid_stem"
"sst1_solid_stem","Geno_1223","non_sst1_solid_stem"
"sst1_solid_stem","Geno_1219","non_sst1_solid_stem"
"sst1_solid_stem","Geno_1052","non_sst1_solid_stem"
"sst1_solid_stem","Geno_1037","het_sst1_solid_stem"
"sst1_solid_stem","Geno_1062","het_sst1_solid_stem"
"sst1_solid_stem","Geno_1350","sst1_solid_stem"
"sst1_solid_stem","Geno_1154","sst1_solid_stem"
"sst1_solid_stem","Geno_1148","sst1_solid_stem"
"sst1_solid_stem","Geno_1141","sst1_solid_stem"
"sst1_solid_stem","Geno_1135","sst1_solid_stem"
"sst1_solid_stem","Geno_1128","sst1_solid_stem"
"sst1_solid_stem","Geno_1123","non_sst1_solid_stem"
"sst1_solid_stem","Geno_1040","sst1_solid_stem"
"sst1_solid_stem","Geno_1351","sst1_solid_stem"
"sst1_solid_stem","Geno_1343","sst1_solid_stem"
"sst1_solid_stem","Geno_1336","sst1_solid_stem"
"sst1_solid_stem","Geno_1328","non_sst1_solid_stem"
"sst1_solid_stem","Geno_1324","non_sst1_solid_stem"
"sst1_solid_stem","Geno_1316","sst1_solid_stem"
"sst1_solid_stem","Geno_1310","non_sst1_solid_stem"
"sst1_solid_stem","Geno_1302","sst1_solid_stem"
"sst1_solid_stem","Geno_1295","sst1_solid_stem"
"sst1_solid_stem","Geno_1207","sst1_solid_stem"
"sst1_solid_stem","Geno_1200","sst1_solid_stem"
"sst1_solid_stem","Geno_1193","het_sst1_solid_stem"
"sst1_solid_stem","Geno_1344","sst1_solid_stem"
"sst1_solid_stem","Geno_1237","sst1_solid_stem"
"sst1_solid_stem","Geno_1231","sst1_solid_stem"
"sst1_solid_stem","Geno_1186","sst1_solid_stem"
"sst1_solid_stem","Geno_1178","sst1_solid_stem"
"sst1_solid_stem","Geno_1171","sst1_solid_stem"
"sst1_solid_stem","Geno_1167","het_sst1_solid_stem"
"sst1_solid_stem","Geno_1279","non_sst1_solid_stem"
"sst1_solid_stem","Geno_1273","non_sst1_solid_stem"
"sst1_solid_stem","Geno_1267","non_sst1_solid_stem"
"sst1_solid_stem","Geno_1262","non_sst1_solid_stem"
"sst1_solid_stem","Geno_1205","non_sst1_solid_stem"
"sst1_solid_stem","Geno_1213","non_sst1_solid_stem"
"sst1_solid_stem","Geno_1134","non_sst1_solid_stem"
"sst1_solid_stem","Geno_1117","non_sst1_solid_stem"
"sst1_solid_stem","Geno_1257","non_sst1_solid_stem"
"sst1_solid_stem","Geno_1250","non_sst1_solid_stem"
"sst1_solid_stem","Geno_1247","non_sst1_solid_stem"
"sst1_solid_stem","Geno_1042","non_sst1_solid_stem"
"sst1_solid_stem","Geno_1244","non_sst1_solid_stem"
"sst1_solid_stem","Geno_1122","non_sst1_solid_stem"
"sst1_solid_stem","Geno_1104","non_sst1_solid_stem"
"sst1_solid_stem","Geno_1240","non_sst1_solid_stem"
"sst1_solid_stem","Geno_1130","non_sst1_solid_stem"
"sst1_solid_stem","Geno_1125","non_sst1_solid_stem"
"sst1_solid_stem","Geno_1119","non_sst1_solid_stem"
"sst1_solid_stem","Geno_1113","non_sst1_solid_stem"
"sst1_solid_stem","Geno_1111","non_sst1_solid_stem"
"sst1_solid_stem","Geno_1106","non_sst1_solid_stem"
"sst1_solid_stem","Geno_1100","non_sst1_solid_stem"
"sst1_solid_stem","Geno_1094","non_sst1_solid_stem"
"sst1_solid_stem","Geno_1089","non_sst1_solid_stem"
"sst1_solid_stem","Geno_1093","non_sst1_solid_stem"
"sst1_solid_stem","Geno_1088","non_sst1_solid_stem"
"sst1_solid_stem","Geno_1084","non_sst1_solid_stem"
"sst1_solid_stem","Geno_1301","non_sst1_solid_stem"
"sst1_solid_stem","Geno_1297","non_sst1_solid_stem"
"sst1_solid_stem","Geno_1291","non_sst1_solid_stem"
"sst1_solid_stem","Geno_1285","non_sst1_solid_stem"
"sst1_solid_stem","Geno_1278","non_sst1_solid_stem"
"sst1_solid_stem","Geno_1272","non_sst1_solid_stem"
"sst1_solid_stem","Geno_1266","non_sst1_solid_stem"
"sst1_solid_stem","Geno_1261","non_sst1_solid_stem"
"sst1_solid_stem","Geno_1255","non_sst1_solid_stem"
"sst1_solid_stem","Geno_1098","non_sst1_solid_stem"
"sst1_solid_stem","Geno_1252","non_sst1_solid_stem"
"sst1_solid_stem","Geno_1034","non_sst1_solid_stem"
"sst1_solid_stem","Geno_1153","non_sst1_solid_stem"
"sst1_solid_stem","Geno_1147","non_sst1_solid_stem"
"sst1_solid_stem","Geno_1235","non_sst1_solid_stem"
"sst1_solid_stem","Geno_1180","non_sst1_solid_stem"
"sst1_solid_stem","Geno_1187","non_sst1_solid_stem"
"sst1_solid_stem","Geno_1142","non_sst1_solid_stem"
"sst1_solid_stem","Geno_1136","non_sst1_solid_stem"
"sst1_solid_stem","Geno_1129","non_sst1_solid_stem"
"sst1_solid_stem","Geno_1124","non_sst1_solid_stem"
"sst1_solid_stem","Geno_1118","non_sst1_solid_stem"
"sst1_solid_stem","Geno_1160","non_sst1_solid_stem"
"sst1_solid_stem","Geno_1073","non_sst1_solid_stem"
"sst1_solid_stem","Geno_1289","non_sst1_solid_stem"
"sst1_solid_stem","Geno_1294","non_sst1_solid_stem"
"sst1_solid_stem","Geno_1276","non_sst1_solid_stem"
"sst1_solid_stem","Geno_1283","non_sst1_solid_stem"
"sst1_solid_stem","Geno_1112","non_sst1_solid_stem"
"sst1_solid_stem","Geno_1105","non_sst1_solid_stem"
"sst1_solid_stem","Geno_1233","non_sst1_solid_stem"
"sst1_solid_stem","Geno_1099","non_sst1_solid_stem"
"sst1_solid_stem","Geno_1329","non_sst1_solid_stem"
"sst1_solid_stem","Geno_1322","non_sst1_solid_stem"
"sst1_solid_stem","Geno_1315","non_sst1_solid_stem"
"sst1_solid_stem","Geno_1265","non_sst1_solid_stem"
"sst1_solid_stem","Geno_1270","non_sst1_solid_stem"
"sst1_solid_stem","Geno_1254","non_sst1_solid_stem"
"sst1_solid_stem","Geno_1311","non_sst1_solid_stem"
"sst1_solid_stem","Geno_1303","non_sst1_solid_stem"
"sst1_solid_stem","Geno_1260","non_sst1_solid_stem"
"sst1_solid_stem","Geno_1296","non_sst1_solid_stem"
"sst1_solid_stem","Geno_1290","non_sst1_solid_stem"
"sst1_solid_stem","Geno_1284","non_sst1_solid_stem"
"sst1_solid_stem","Geno_1277","non_sst1_solid_stem"
"sst1_solid_stem","Geno_1271","non_sst1_solid_stem"
"sst1_solid_stem","Geno_1179","non_sst1_solid_stem"
"sst1_solid_stem","Geno_1172","non_sst1_solid_stem"
"sst1_solid_stem","Geno_1166","non_sst1_solid_stem"
"sst1_solid_stem","Geno_1159","non_sst1_solid_stem"
